{
    "n_estimators": 115,
    "max_depth": 4,
    "min_samples_split": 18,
    "min_samples_leaf": 6,
    "rsi_period": 14,
    "sma_fast": 10,
    "sma_slow": 20,
    "macd_fast": 12,
    "macd_slow": 21,
    "prediction_horizon": 5,
    "probability_threshold": 0.3484777927378593,
    "position_size_pct": 0.36699012010691207,
    "stop_loss_pct": 0.024066653352083165,
    "take_profit_pct": 0.07875762995901563
}