{
    "n_estimators": 140,
    "max_depth": 22,
    "min_samples_split": 15,
    "min_samples_leaf": 7,
    "rsi_period": 14,
    "sma_fast": 5,
    "sma_slow": 50,
    "macd_fast": 12,
    "macd_slow": 21,
    "prediction_horizon": 1,
    "probability_threshold": 0.5998188441512794,
    "position_size_pct": 0.2630172529919967,
    "stop_loss_pct": 0.010907925278093096,
    "take_profit_pct": 0.08337488805128923
}